{"cameraMode":{"drawMode":0,"name":"Shaded","section":"Shading Mode"},"sceneLighting":false,"audioPlay":false,"sceneViewState":{"showFog":true,"showMaterialUpdate":false,"showSkybox":true,"showFlares":true,"showImageEffects":true,"showParticleSystems":true},"in2DMode":false,"pivot":{"x":-1.6845039129257203,"y":0.5519516468048096,"z":0.872875988483429},"rotation":{"x":-0.14989764988422395,"y":0.7981739044189453,"z":-0.22167378664016725,"w":-0.5397313237190247},"size":4.180929660797119,"orthographic":false}