{"cameraMode":{"drawMode":0,"name":"Shaded","section":"Shading Mode"},"sceneLighting":false,"audioPlay":false,"sceneViewState":{"showFog":true,"showMaterialUpdate":false,"showSkybox":true,"showFlares":true,"showImageEffects":true,"showParticleSystems":true},"in2DMode":false,"pivot":{"x":-0.30000001192092898,"y":0.17000000178813935,"z":2.880000114440918},"rotation":{"x":0.359320729970932,"y":-0.38331738114356997,"z":0.16500861942768098,"w":0.8347026705741882},"size":6.645244598388672,"orthographic":false}