{"cameraMode":{"drawMode":0,"name":"Shaded","section":"Shading Mode"},"sceneLighting":false,"audioPlay":false,"sceneViewState":{"showFog":true,"showMaterialUpdate":false,"showSkybox":true,"showFlares":true,"showImageEffects":true,"showParticleSystems":true},"in2DMode":false,"pivot":{"x":-10.826067924499512,"y":-3.3680832386016847,"z":-1.0242815017700196},"rotation":{"x":-0.11015867441892624,"y":0.712809145450592,"z":-0.1149587482213974,"w":-0.6830466389656067},"size":17.595163345336915,"orthographic":false}