{"cameraMode":{"drawMode":0,"name":"Shaded","section":"Shading Mode"},"sceneLighting":false,"audioPlay":false,"sceneViewState":{"showFog":true,"showMaterialUpdate":false,"showSkybox":true,"showFlares":true,"showImageEffects":true,"showParticleSystems":true},"in2DMode":false,"pivot":{"x":-6.869084358215332,"y":-12.579567909240723,"z":5.8079352378845219},"rotation":{"x":-0.4783208668231964,"y":0.3125937283039093,"z":-0.18712222576141358,"w":-0.7990491986274719},"size":31.931148529052736,"orthographic":false}