{"cameraMode":{"drawMode":0,"name":"Shaded","section":"Shading Mode"},"sceneLighting":true,"audioPlay":false,"sceneViewState":{"showFog":true,"showMaterialUpdate":false,"showSkybox":true,"showFlares":true,"showImageEffects":true,"showParticleSystems":true},"in2DMode":false,"pivot":{"x":-0.6999999284744263,"y":3.6600000858306886,"z":-490.79998779296877},"rotation":{"x":0.16513162851333619,"y":0.008876315318048,"z":-0.0014862241223454476,"w":0.9862304925918579},"size":13.760839462280274,"orthographic":true}