{"cameraMode":{"drawMode":0,"name":"Shaded","section":"Shading Mode"},"sceneLighting":false,"audioPlay":false,"sceneViewState":{"showFog":true,"showMaterialUpdate":false,"showSkybox":true,"showFlares":true,"showImageEffects":true,"showParticleSystems":true},"in2DMode":false,"pivot":{"x":2.8319153785705568,"y":0.5108760595321655,"z":-3.0299417972564699},"rotation":{"x":-0.2686769664287567,"y":-0.24287866055965424,"z":0.07020852714776993,"w":-0.929458737373352},"size":6.977261543273926,"orthographic":false}